
INSERT INTO STORAGE VALUES("S01",4000,420);

INSERT INTO MEDICINE VALUES("MED01","Panadol",200,'2022-10-20',"S01");
INSERT INTO MEDICINE VALUES("MED02","Spasfon ",40,'2016-07-20',"S01");
INSERT INTO MEDICINE VALUES("MED03","Motilium",180,'2019-12-20',"S01");

INSERT INTO DOCTOR VALUES('D01','Joseph','Fadel','asd','1988-10-24','M','Joseph.Fadel@hos.com'
,'Beirut','Head',200,'Cardiology');
INSERT INTO DOCTOR VALUES('D02','Mohammed','Mohammed','asd','1962-9-10','M','Mohammed.Mohammed@hos.com'
,'Tyre','Head',400,'Neurology');
INSERT INTO DOCTOR VALUES('D03','Carla','Mansour','asd','1989-04-16','F','Carla.Mansour@hos.com'
,'Beirut','Assistant',50,'Amnesia');


INSERT INTO MANAGER VALUES('MA01','Charbel','Fadel','asd','1970-07-24','M',
'Charbel.Fadel@hos.com',2500,'6am-2pm','Jdeideh','Upper');
INSERT INTO MANAGER VALUES('MA02','Ali','Mechleb','asd','1956-07-24','M',
'Ali.Mechleb@hos.com',2500,'2pm-10pm','Jdeideh','Upper');
INSERT INTO MANAGER VALUES('MA03','Joelle','Mansour','asd','1970-07-24','F',
'Joelle.Mansour@hos.com',20003,'10pm-6am','Bhamdoun','Lower');

INSERT INTO NURSE VALUES('N01','Emilie','Hannah','asd','1970-07-16','F',
'Emile.Hannah@hos.com',900,'6am-2pm','Jdeideh');
INSERT INTO NURSE VALUES('N02','George','Haddad','asd','1985-07-16','M',
'George.Haddad@hos.com',900,'2pm-10pm','Hadath');
INSERT INTO NURSE VALUES('N03','Khaled','Tabet','asd','1999-10-06','M',
'Khaled.Tabet@hos.com',900,'10pm-6am','Fanar');

INSERT INTO PATIENT VALUES('PAT01','Peter','Mansour','1987-12-29','m','O-',
NULL,'Gluten','Sedentary');
INSERT INTO PATIENT VALUES('PAT02','Nour','Jabbour','1995-02-05','F','AB+',
NULL,'Pollen','Sedentary');
INSERT INTO PATIENT VALUES('PAT03','Jana','Karam','1997-02-17','F','A-',
NULL,NULL,'Healthy');

INSERT INTO MEDICALHISTORY VALUES('RE01','Cardio','2019-04-04','PAT01');
INSERT INTO MEDICALHISTORY VALUES('RE02','Cardio','2019-04-04','PAT02');
INSERT INTO MEDICALHISTORY VALUES('RE03','Neurology','2010-04-04','PAT03');

INSERT INTO ASSISTS VALUES('2005-06-07','2021-11-29','D01','N01');
INSERT INTO ASSISTS VALUES('1998-11-07','2020-04-29','D02','N02');
INSERT INTO ASSISTS VALUES('2001-12-07','2019-11-29','D03','N03');

INSERT INTO GIVES VALUES(1,'06:06:16','2012-03-13','MED01','N01','PAT01');
INSERT INTO GIVES VALUES(2,'12:06:16','2014-03-13','MED02','N01','PAT02');
INSERT INTO GIVES VALUES(1,'08:06:16','2005-03-13','MED03','N02','PAT03');

INSERT INTO TREATMENT VALUES('T01','CARDIAC',4,400);
INSERT INTO TREATMENT VALUES('T02','NEUROLOGY DISORDER',12,6000);
INSERT INTO TREATMENT VALUES('T03','Emergency',0.5,300);

INSERT INTO DEPARTMENT VALUES('A','CardioLOGY',2,10,566);
INSERT INTO DEPARTMENT VALUES('B','NEUROLOGY',5,4,500);
INSERT INTO DEPARTMENT VALUES('C','EMERGNECY',1,15,100);

INSERT INTO WORKSIN VALUES('2007-06-07','2021-11-29','N01','A');
INSERT INTO WORKSIN VALUES('2007-06-07','2021-11-29','N02','B');
INSERT INTO WORKSIN VALUES('2007-06-07','2021-11-29','N03','C');

INSERT INTO PROVIDES VALUES('2006-06-02','2006-06-06','D01','T01','PAT01');
INSERT INTO PROVIDES VALUES('2020-12-12','2020-12-13','D02','T02','PAT02');
INSERT INTO PROVIDES VALUES('2006-07-14','2009-09-09','D03','T03','PAT03');

INSERT INTO EQUIPMENT VALUES('EQ01','Needle',100); 
INSERT INTO EQUIPMENT VALUES('EQ02','walkers',20); 
INSERT INTO EQUIPMENT VALUES('EQ03','X-ray',1); 

INSERT INTO REQUIRES VALUES(10,'T01','EQ01');
INSERT INTO REQUIRES VALUES(2,'T02','EQ02');
INSERT INTO REQUIRES VALUES(1,'T03','EQ03');


INSERT INTO ROOM VALUES('A11',4,'Cardiology',2,57.2,'A');
INSERT INTO ROOM VALUES('A05',2,'Variable',2,200,'A');
INSERT INTO ROOM VALUES('B08',1,'Neurology',1,400,'B');
INSERT INTO ROOM VALUES('C02',5,'Emergency',2,NULL,'C');

INSERT INTO BED VALUES('A411','F','A11');
INSERT INTO BED VALUES('A412','E','A11');
INSERT INTO BED VALUES('B713','F','B08');
INSERT INTO BED VALUES('C811','F','C02');

INSERT INTO OCCUPIES VALUES('2021-11-06','2021-12-18','PAT01','A411');
INSERT INTO OCCUPIES VALUES('2007-08-06','2007-08-09','PAT01','A411');
INSERT INTO OCCUPIES VALUES('2008-06-06','2008-06-09','PAT01','A411');
INSERT INTO OCCUPIES VALUES('2021-06-06','2022-06-09','PAT01','A411');
INSERT INTO OCCUPIES VALUES('2020-12-16','2020-12-17','PAT02','B713');
INSERT INTO OCCUPIES VALUES('2021-12-05','2021-12-17','PAT02','B713');
INSERT INTO OCCUPIES VALUES('2009-09-06','2009-09-16','PAT03','C811');


INSERT INTO PAYMENT VALUES(1,'Cardiology',400,'2009-06-02','y','D01','T01');
INSERT INTO PAYMENT VALUES(2,'Neurology',300,'2021-05-13','n','D02','T02');
INSERT INTO PAYMENT VALUES(3,'Emergency',900,'2009-09-09','n','D03','T03');

INSERT INTO CASHIER VALUES('CA01','Hasan','Majzoub','asd','1969-06-09','M','Hasan.Majzoub@hos.com',
700,'Jdeideh');
INSERT INTO CASHIER VALUES('CA02','Elias','Azar','asd','1980-08-09','M','Elias.Azar@hos.com',
1000,'Nabatieh');

INSERT INTO PAYS VALUES('PAT01',1,'CA01');
INSERT INTO PAYS VALUES('PAT02',2,'CA01');
INSERT INTO PAYS VALUES('PAT03',3,'CA02');